,function,line,length,url,file,s_function,s_line,status,error type
./build/src.linux-x86_64-3.8/build/src.linux-x86_64-3.8/scipy/linalg/_fblasmodule.c,PyInit__fblas,27149,7,http://192.168.5.61:20000/report-3dd405.html#EndPath,f2py/rules.py,,,already fixed,
./build/src.linux-x86_64-3.8/build/src.linux-x86_64-3.8/scipy/linalg/_fblasmodule.c,PyInit__fblas,27352,9,http://192.168.5.61:20000/report-7dfccc.html#EndPath,f2py/rules.py,,,already fixed,
./build/src.linux-x86_64-3.8/build/src.linux-x86_64-3.8/scipy/linalg/_fblasmodule.c,PyInit__fblas,27364,9,http://192.168.5.61:20000/report-6a403a.html#EndPath,f2py/rules.py,,,already fixed,
./build/src.linux-x86_64-3.8/build/src.linux-x86_64-3.8/scipy/linalg/_fblasmodule.c,PyInit__fblas,27376,9,http://192.168.5.61:20000/report-15059b.html#EndPath,f2py/rules.py,,,already fixed,
./build/src.linux-x86_64-3.8/build/src.linux-x86_64-3.8/scipy/linalg/_fblasmodule.c,PyInit__fblas,27388,9,http://192.168.5.61:20000/report-521cf4.html#EndPath,f2py/rules.py,,,already fixed,
./build/src.linux-x86_64-3.8/build/src.linux-x86_64-3.8/scipy/linalg/_fblasmodule.c,PyInit__fblas,27400,9,http://192.168.5.61:20000/report-122e72.html#EndPath,f2py/rules.py,,,already fixed,
./build/src.linux-x86_64-3.8/build/src.linux-x86_64-3.8/scipy/linalg/_fblasmodule.c,PyInit__fblas,27412,9,http://192.168.5.61:20000/report-4ef3ab.html#EndPath,f2py/rules.py,,,already fixed,
./build/src.linux-x86_64-3.8/build/src.linux-x86_64-3.8/scipy/linalg/_fblasmodule.c,PyInit__fblas,27424,9,http://192.168.5.61:20000/report-f05308.html#EndPath,f2py/rules.py,,,already fixed,
./build/src.linux-x86_64-3.8/build/src.linux-x86_64-3.8/scipy/linalg/_fblasmodule.c,PyInit__fblas,27436,9,http://192.168.5.61:20000/report-d2ed77.html#EndPath,f2py/rules.py,,,already fixed,
./build/src.linux-x86_64-3.8/build/src.linux-x86_64-3.8/scipy/linalg/_fblasmodule.c,PyInit__fblas,27448,9,http://192.168.5.61:20000/report-9c9a88.html#EndPath,f2py/rules.py,,,already fixed,
./build/src.linux-x86_64-3.8/build/src.linux-x86_64-3.8/scipy/linalg/_fblasmodule.c,PyInit__fblas,27460,9,http://192.168.5.61:20000/report-f9b182.html#EndPath,f2py/rules.py,,,already fixed,
./build/src.linux-x86_64-3.8/build/src.linux-x86_64-3.8/scipy/linalg/_fblasmodule.c,PyInit__fblas,27472,9,http://192.168.5.61:20000/report-3c02fb.html#EndPath,f2py/rules.py,,,already fixed,
./build/src.linux-x86_64-3.8/build/src.linux-x86_64-3.8/scipy/linalg/_fblasmodule.c,PyInit__fblas,27484,9,http://192.168.5.61:20000/report-dfb32c.html#EndPath,f2py/rules.py,,,already fixed,
./build/src.linux-x86_64-3.8/build/src.linux-x86_64-3.8/scipy/linalg/_fblasmodule.c,PyInit__fblas,27496,9,http://192.168.5.61:20000/report-b0e9d5.html#EndPath,f2py/rules.py,,,already fixed,
./build/src.linux-x86_64-3.8/build/src.linux-x86_64-3.8/scipy/linalg/_fblasmodule.c,PyInit__fblas,27508,9,http://192.168.5.61:20000/report-061919.html#EndPath,f2py/rules.py,,,already fixed,
./build/src.linux-x86_64-3.8/build/src.linux-x86_64-3.8/scipy/linalg/_flapackmodule.c,create_cb_arglist,477,38,http://192.168.5.61:20000/report-2e8565.html#EndPath,f2py/cfuncs.py,,,already fixed,
./build/src.linux-x86_64-3.8/build/src.linux-x86_64-3.8/scipy/linalg/_flapackmodule.c,create_cb_arglist,482,44,http://192.168.5.61:20000/report-8f2ea9.html#EndPath,f2py/cfuncs.py,,,already fixed,
./build/src.linux-x86_64-3.8/build/src.linux-x86_64-3.8/scipy/linalg/_flapackmodule.c,create_cb_arglist,519,36,http://192.168.5.61:20000/report-f37bc6.html#EndPath,f2py/cfuncs.py,,,already fixed,
./build/src.linux-x86_64-3.8/build/src.linux-x86_64-3.8/scipy/linalg/_flapackmodule.c,cb_cselect_in_gees__user__routines,1211,16,http://192.168.5.61:20000/report-400ae3.html#EndPath,f2py/cb_rules.py,,,n,3
./build/src.linux-x86_64-3.8/build/src.linux-x86_64-3.8/scipy/linalg/_flapackmodule.c,cb_cselect_in_gees__user__routines,1213,20,http://192.168.5.61:20000/report-0c6143.html#EndPath,f2py/cb_rules.py,,,n,4
./build/src.linux-x86_64-3.8/build/src.linux-x86_64-3.8/scipy/linalg/_flapackmodule.c,cb_cselect_in_gees__user__routines,1220,18,http://192.168.5.61:20000/report-561db8.html#EndPath,f2py/cb_rules.py,,,n,1
./build/src.linux-x86_64-3.8/build/src.linux-x86_64-3.8/scipy/linalg/_flapackmodule.c,cb_zselect_in_gees__user__routines,1332,16,http://192.168.5.61:20000/report-d044b1.html#EndPath,f2py/cb_rules.py,,,n,3
./build/src.linux-x86_64-3.8/build/src.linux-x86_64-3.8/scipy/linalg/_flapackmodule.c,cb_zselect_in_gees__user__routines,1334,20,http://192.168.5.61:20000/report-a01aaf.html#EndPath,f2py/cb_rules.py,,,n,4
./build/src.linux-x86_64-3.8/build/src.linux-x86_64-3.8/scipy/linalg/_flapackmodule.c,cb_zselect_in_gees__user__routines,1341,18,http://192.168.5.61:20000/report-ebc4c0.html#EndPath,f2py/cb_rules.py,,,n,1
./build/src.linux-x86_64-3.8/build/src.linux-x86_64-3.8/scipy/linalg/_flapackmodule.c,cb_sselect_in_gees__user__routines,1454,16,http://192.168.5.61:20000/report-004845.html#EndPath,f2py/cb_rules.py,,,n,3
./build/src.linux-x86_64-3.8/build/src.linux-x86_64-3.8/scipy/linalg/_flapackmodule.c,cb_sselect_in_gees__user__routines,1456,22,http://192.168.5.61:20000/report-916e51.html#EndPath,f2py/cb_rules.py,,,n,4
./build/src.linux-x86_64-3.8/build/src.linux-x86_64-3.8/scipy/linalg/_flapackmodule.c,cb_sselect_in_gees__user__routines,1463,20,http://192.168.5.61:20000/report-f010ac.html#EndPath,f2py/cb_rules.py,,,n,1
./build/src.linux-x86_64-3.8/build/src.linux-x86_64-3.8/scipy/linalg/_flapackmodule.c,cb_dselect_in_gees__user__routines,1579,16,http://192.168.5.61:20000/report-c342c2.html#EndPath,f2py/cb_rules.py,,,n,3
./build/src.linux-x86_64-3.8/build/src.linux-x86_64-3.8/scipy/linalg/_flapackmodule.c,cb_dselect_in_gees__user__routines,1581,22,http://192.168.5.61:20000/report-3c2746.html#EndPath,f2py/cb_rules.py,,,n,4
./build/src.linux-x86_64-3.8/build/src.linux-x86_64-3.8/scipy/linalg/_flapackmodule.c,cb_dselect_in_gees__user__routines,1588,20,http://192.168.5.61:20000/report-ce72cc.html#EndPath,f2py/cb_rules.py,,,n,1
./build/src.linux-x86_64-3.8/build/src.linux-x86_64-3.8/scipy/linalg/_flapackmodule.c,cb_sselect_in_gges__user__routines,1705,16,http://192.168.5.61:20000/report-1bf87c.html#EndPath,f2py/cb_rules.py,,,n,3
./build/src.linux-x86_64-3.8/build/src.linux-x86_64-3.8/scipy/linalg/_flapackmodule.c,cb_sselect_in_gges__user__routines,1707,24,http://192.168.5.61:20000/report-b3ff5b.html#EndPath,f2py/cb_rules.py,,,n,4
./build/src.linux-x86_64-3.8/build/src.linux-x86_64-3.8/scipy/linalg/_flapackmodule.c,cb_sselect_in_gges__user__routines,1714,22,http://192.168.5.61:20000/report-1883fc.html#EndPath,f2py/cb_rules.py,,,n,1
./build/src.linux-x86_64-3.8/build/src.linux-x86_64-3.8/scipy/linalg/_flapackmodule.c,cb_dselect_in_gges__user__routines,1834,16,http://192.168.5.61:20000/report-d2198d.html#EndPath,f2py/cb_rules.py,,,n,3
./build/src.linux-x86_64-3.8/build/src.linux-x86_64-3.8/scipy/linalg/_flapackmodule.c,cb_dselect_in_gges__user__routines,1836,24,http://192.168.5.61:20000/report-098020.html#EndPath,f2py/cb_rules.py,,,n,4
./build/src.linux-x86_64-3.8/build/src.linux-x86_64-3.8/scipy/linalg/_flapackmodule.c,cb_dselect_in_gges__user__routines,1843,22,http://192.168.5.61:20000/report-cd3bd9.html#EndPath,f2py/cb_rules.py,,,n,1
./build/src.linux-x86_64-3.8/build/src.linux-x86_64-3.8/scipy/linalg/_flapackmodule.c,cb_cselect_in_gges__user__routines,1962,16,http://192.168.5.61:20000/report-bbd6cb.html#EndPath,f2py/cb_rules.py,,,n,3
./build/src.linux-x86_64-3.8/build/src.linux-x86_64-3.8/scipy/linalg/_flapackmodule.c,cb_cselect_in_gges__user__routines,1964,22,http://192.168.5.61:20000/report-c9ee26.html#EndPath,f2py/cb_rules.py,,,n,4
./build/src.linux-x86_64-3.8/build/src.linux-x86_64-3.8/scipy/linalg/_flapackmodule.c,cb_cselect_in_gges__user__routines,1971,20,http://192.168.5.61:20000/report-b3f331.html#EndPath,f2py/cb_rules.py,,,n,1
./build/src.linux-x86_64-3.8/build/src.linux-x86_64-3.8/scipy/linalg/_flapackmodule.c,cb_zselect_in_gges__user__routines,2087,16,http://192.168.5.61:20000/report-01a10c.html#EndPath,f2py/cb_rules.py,,,n,3
./build/src.linux-x86_64-3.8/build/src.linux-x86_64-3.8/scipy/linalg/_flapackmodule.c,cb_zselect_in_gges__user__routines,2089,22,http://192.168.5.61:20000/report-2c8f24.html#EndPath,f2py/cb_rules.py,,,n,4
./build/src.linux-x86_64-3.8/build/src.linux-x86_64-3.8/scipy/linalg/_flapackmodule.c,cb_zselect_in_gges__user__routines,2096,20,http://192.168.5.61:20000/report-bed9cf.html#EndPath,f2py/cb_rules.py,,,n,1
./build/src.linux-x86_64-3.8/build/src.linux-x86_64-3.8/scipy/linalg/_flapackmodule.c,PyInit__flapack,105369,7,http://192.168.5.61:20000/report-5d7617.html#EndPath,f2py2e/rules.py,,,already fixed,
./build/src.linux-x86_64-3.8/build/src.linux-x86_64-3.8/scipy/linalg/_flapackmodule.c,PyInit__flapack,106529,9,http://192.168.5.61:20000/report-16d10a.html#EndPath,f2py2e/rules.py,,,already fixed,
./build/src.linux-x86_64-3.8/build/src.linux-x86_64-3.8/scipy/linalg/_flapackmodule.c,PyInit__flapack,106541,9,http://192.168.5.61:20000/report-a8e066.html#EndPath,f2py2e/rules.py,,,already fixed,
./build/src.linux-x86_64-3.8/build/src.linux-x86_64-3.8/scipy/linalg/_flapackmodule.c,PyInit__flapack,106553,9,http://192.168.5.61:20000/report-b32b4f.html#EndPath,f2py2e/rules.py,,,already fixed,
./build/src.linux-x86_64-3.8/build/src.linux-x86_64-3.8/scipy/linalg/_flapackmodule.c,PyInit__flapack,106565,9,http://192.168.5.61:20000/report-96714c.html#EndPath,f2py2e/rules.py,,,already fixed,
./build/src.linux-x86_64-3.8/build/src.linux-x86_64-3.8/scipy/linalg/_flapackmodule.c,PyInit__flapack,106577,9,http://192.168.5.61:20000/report-0997fb.html#EndPath,f2py2e/rules.py,,,already fixed,
./build/src.linux-x86_64-3.8/build/src.linux-x86_64-3.8/scipy/linalg/_flapackmodule.c,PyInit__flapack,106589,9,http://192.168.5.61:20000/report-f11c21.html#EndPath,f2py2e/rules.py,,,already fixed,
./build/src.linux-x86_64-3.8/build/src.linux-x86_64-3.8/scipy/sparse/linalg/eigen/arpack/_arpackmodule.c,PyInit__arpack,4835,7,http://192.168.5.61:20000/report-b466b4.html#EndPath,f2py2e/rules.py,,,already fixed,
./build/src.linux-x86_64-3.8/build/src.linux-x86_64-3.8/scipy/sparse/linalg/isolve/iterative/_iterativemodule.c,PyInit__iterative,5189,7,http://192.168.5.61:20000/report-4a8465.html#EndPath,f2py2e/rules.py,,,already fixed,
./build/src.linux-x86_64-3.8/scipy/integrate/_dopmodule.c,create_cb_arglist,207,19,http://192.168.5.61:20000/report-43c486.html#EndPath,f2py2e/cfuncs.py,,,already fixed,
./build/src.linux-x86_64-3.8/scipy/integrate/_dopmodule.c,create_cb_arglist,212,23,http://192.168.5.61:20000/report-e2bab2.html#EndPath,f2py2e/cfuncs.py,,,already fixed,
./build/src.linux-x86_64-3.8/scipy/integrate/_dopmodule.c,create_cb_arglist,249,17,http://192.168.5.61:20000/report-99f849.html#EndPath,f2py2e/cfuncs.py,,,n,2
./build/src.linux-x86_64-3.8/scipy/integrate/_dopmodule.c,cb_fcn_in___user__routines,393,16,http://192.168.5.61:20000/report-56de55.html#EndPath,f2py2e/cb_rules.py,,,n,3
./build/src.linux-x86_64-3.8/scipy/integrate/_dopmodule.c,cb_fcn_in___user__routines,395,22,http://192.168.5.61:20000/report-cce2cd.html#EndPath,f2py2e/cb_rules.py,,,n,4
./build/src.linux-x86_64-3.8/scipy/integrate/_dopmodule.c,cb_fcn_in___user__routines,402,20,http://192.168.5.61:20000/report-e00b59.html#EndPath,f2py2e/cb_rules.py,,,n,1
./build/src.linux-x86_64-3.8/scipy/integrate/_dopmodule.c,cb_solout_in___user__routines,549,16,http://192.168.5.61:20000/report-13bdd6.html#EndPath,f2py2e/cb_rules.py,,,n,3
./build/src.linux-x86_64-3.8/scipy/integrate/_dopmodule.c,cb_solout_in___user__routines,551,23,http://192.168.5.61:20000/report-f7fef3.html#EndPath,f2py2e/cb_rules.py,,,n,4
./build/src.linux-x86_64-3.8/scipy/integrate/_dopmodule.c,cb_solout_in___user__routines,558,21,http://192.168.5.61:20000/report-74942f.html#EndPath,f2py2e/cb_rules.py,,,n,1
./build/src.linux-x86_64-3.8/scipy/integrate/_dopmodule.c,PyInit__dop,1371,7,http://192.168.5.61:20000/report-aeb818.html#EndPath,f2py2e/rules.py,,,already fixed,
./build/src.linux-x86_64-3.8/scipy/integrate/_test_odeint_bandedmodule.c,PyInit__test_odeint_banded,916,7,http://192.168.5.61:20000/report-2da8f0.html#EndPath,f2py2e/rules.py,,,already fixed,
./build/src.linux-x86_64-3.8/scipy/integrate/lsodamodule.c,create_cb_arglist,176,19,http://192.168.5.61:20000/report-68f6a6.html#EndPath,f2py2e/cfuncs.py,,,already fixed,
./build/src.linux-x86_64-3.8/scipy/integrate/lsodamodule.c,create_cb_arglist,181,23,http://192.168.5.61:20000/report-4419b2.html#EndPath,f2py2e/cfuncs.py,,,already fixed,
./build/src.linux-x86_64-3.8/scipy/integrate/lsodamodule.c,create_cb_arglist,218,17,http://192.168.5.61:20000/report-454fd8.html#EndPath,f2py2e/cfuncs.py,,,n,2
./build/src.linux-x86_64-3.8/scipy/integrate/lsodamodule.c,cb_f_in_lsoda__user__routines,390,16,http://192.168.5.61:20000/report-f8ae5a.html#EndPath,f2py2e/cb_rules.py,,,n,3
./build/src.linux-x86_64-3.8/scipy/integrate/lsodamodule.c,cb_f_in_lsoda__user__routines,392,22,http://192.168.5.61:20000/report-4fcc68.html#EndPath,f2py2e/cb_rules.py,,,n,4
./build/src.linux-x86_64-3.8/scipy/integrate/lsodamodule.c,cb_f_in_lsoda__user__routines,399,20,http://192.168.5.61:20000/report-4c032a.html#EndPath,f2py2e/cb_rules.py,,,n,1
./build/src.linux-x86_64-3.8/scipy/integrate/lsodamodule.c,cb_jac_in_lsoda__user__routines,542,16,http://192.168.5.61:20000/report-96fb0a.html#EndPath,f2py2e/cb_rules.py,,,n,3
./build/src.linux-x86_64-3.8/scipy/integrate/lsodamodule.c,cb_jac_in_lsoda__user__routines,544,22,http://192.168.5.61:20000/report-d4023d.html#EndPath,f2py2e/cb_rules.py,,,n,4
./build/src.linux-x86_64-3.8/scipy/integrate/lsodamodule.c,cb_jac_in_lsoda__user__routines,551,20,http://192.168.5.61:20000/report-a2540a.html#EndPath,f2py2e/cb_rules.py,,,n,1
./build/src.linux-x86_64-3.8/scipy/integrate/lsodamodule.c,PyInit_lsoda,1042,7,http://192.168.5.61:20000/report-e4ab10.html#EndPath,f2py2e/rules.py,,,already fixed,
./build/src.linux-x86_64-3.8/scipy/integrate/vodemodule.c,create_cb_arglist,178,19,http://192.168.5.61:20000/report-927dc5.html#EndPath,f2py2e/cfuncs.py,,,already fixed,
./build/src.linux-x86_64-3.8/scipy/integrate/vodemodule.c,create_cb_arglist,183,23,http://192.168.5.61:20000/report-debf53.html#EndPath,f2py2e/cfuncs.py,,,already fixed,
./build/src.linux-x86_64-3.8/scipy/integrate/vodemodule.c,create_cb_arglist,220,17,http://192.168.5.61:20000/report-029feb.html#EndPath,f2py2e/cfuncs.py,,,n,2
./build/src.linux-x86_64-3.8/scipy/integrate/vodemodule.c,cb_f_in_dvode__user__routines,395,16,http://192.168.5.61:20000/report-ea16e9.html#EndPath,f2py2e/cb_rules.py,,,n,3
./build/src.linux-x86_64-3.8/scipy/integrate/vodemodule.c,cb_f_in_dvode__user__routines,397,22,http://192.168.5.61:20000/report-2a9801.html#EndPath,f2py2e/cb_rules.py,,,n,4
./build/src.linux-x86_64-3.8/scipy/integrate/vodemodule.c,cb_f_in_dvode__user__routines,404,20,http://192.168.5.61:20000/report-994070.html#EndPath,f2py2e/cb_rules.py,,,n,1
./build/src.linux-x86_64-3.8/scipy/integrate/vodemodule.c,cb_jac_in_dvode__user__routines,549,16,http://192.168.5.61:20000/report-54e143.html#EndPath,f2py2e/cb_rules.py,,,n,3
./build/src.linux-x86_64-3.8/scipy/integrate/vodemodule.c,cb_jac_in_dvode__user__routines,551,22,http://192.168.5.61:20000/report-445e34.html#EndPath,f2py2e/cb_rules.py,,,n,4
./build/src.linux-x86_64-3.8/scipy/integrate/vodemodule.c,cb_jac_in_dvode__user__routines,558,20,http://192.168.5.61:20000/report-92ea8d.html#EndPath,f2py2e/cb_rules.py,,,n,1
./build/src.linux-x86_64-3.8/scipy/integrate/vodemodule.c,cb_f_in_zvode__user__routines,699,16,http://192.168.5.61:20000/report-3a7c28.html#EndPath,f2py2e/cb_rules.py,,,n,3
./build/src.linux-x86_64-3.8/scipy/integrate/vodemodule.c,cb_f_in_zvode__user__routines,701,22,http://192.168.5.61:20000/report-ec12c8.html#EndPath,f2py2e/cb_rules.py,,,n,4
./build/src.linux-x86_64-3.8/scipy/integrate/vodemodule.c,cb_f_in_zvode__user__routines,708,20,http://192.168.5.61:20000/report-22d031.html#EndPath,f2py2e/cb_rules.py,,,n,1
./build/src.linux-x86_64-3.8/scipy/integrate/vodemodule.c,cb_jac_in_zvode__user__routines,853,16,http://192.168.5.61:20000/report-375858.html#EndPath,f2py2e/cb_rules.py,,,n,3
./build/src.linux-x86_64-3.8/scipy/integrate/vodemodule.c,cb_jac_in_zvode__user__routines,855,22,http://192.168.5.61:20000/report-ceab92.html#EndPath,f2py2e/cb_rules.py,,,n,4
./build/src.linux-x86_64-3.8/scipy/integrate/vodemodule.c,cb_jac_in_zvode__user__routines,862,20,http://192.168.5.61:20000/report-8cdf9f.html#EndPath,f2py2e/cb_rules.py,,,n,1
./build/src.linux-x86_64-3.8/scipy/integrate/vodemodule.c,PyInit_vode,1716,7,http://192.168.5.61:20000/report-77b998.html#EndPath,f2py2e/rules.py,,,already fixed,
./build/src.linux-x86_64-3.8/scipy/interpolate/src/dfitpackmodule.c,PyInit_dfitpack,6854,7,http://192.168.5.61:20000/report-b10404.html#EndPath,f2py2e/rules.py,,,already fixed,
./build/src.linux-x86_64-3.8/scipy/interpolate/src/dfitpackmodule.c,PyInit_dfitpack,6903,9,http://192.168.5.61:20000/report-b81862.html#EndPath,f2py2e/rules.py,,,already fixed,
./build/src.linux-x86_64-3.8/scipy/interpolate/src/dfitpackmodule.c,PyInit_dfitpack,6933,9,http://192.168.5.61:20000/report-0b54d7.html#EndPath,f2py2e/rules.py,,,already fixed,
./build/src.linux-x86_64-3.8/scipy/io/_test_fortranmodule.c,PyInit__test_fortran,696,7,http://192.168.5.61:20000/report-4d3708.html#EndPath,f2py2e/rules.py,,,already fixed,
./build/src.linux-x86_64-3.8/scipy/linalg/_flinalgmodule.c,PyInit__flinalg,1963,7,http://192.168.5.61:20000/report-42cd39.html#EndPath,f2py2e/rules.py,,,already fixed,
./build/src.linux-x86_64-3.8/scipy/linalg/_interpolativemodule.c,create_cb_arglist,250,25,http://192.168.5.61:20000/report-2f7f38.html#EndPath,f2py2e/cfuncs.py,,,already fixed,
./build/src.linux-x86_64-3.8/scipy/linalg/_interpolativemodule.c,create_cb_arglist,292,23,http://192.168.5.61:20000/report-b83bcf.html#EndPath,f2py2e/cfuncs.py,,,n,2
./build/src.linux-x86_64-3.8/scipy/linalg/_interpolativemodule.c,cb_matvect_in_idd__user__routines,525,16,http://192.168.5.61:20000/report-510482.html#EndPath,f2py2e/cb_rules.py,,,n,3
./build/src.linux-x86_64-3.8/scipy/linalg/_interpolativemodule.c,cb_matvect_in_idd__user__routines,527,25,http://192.168.5.61:20000/report-3d8419.html#EndPath,f2py2e/cb_rules.py,,,n,4
./build/src.linux-x86_64-3.8/scipy/linalg/_interpolativemodule.c,cb_matvect_in_idd__user__routines,534,23,http://192.168.5.61:20000/report-8e7059.html#EndPath,f2py2e/cb_rules.py,,,n,1
./build/src.linux-x86_64-3.8/scipy/linalg/_interpolativemodule.c,cb_matvec_in_idd__user__routines,692,16,http://192.168.5.61:20000/report-87807b.html#EndPath,f2py2e/cb_rules.py,,,n,3
./build/src.linux-x86_64-3.8/scipy/linalg/_interpolativemodule.c,cb_matvec_in_idd__user__routines,694,25,http://192.168.5.61:20000/report-823bdf.html#EndPath,f2py2e/cb_rules.py,,,n,4
./build/src.linux-x86_64-3.8/scipy/linalg/_interpolativemodule.c,cb_matvec_in_idd__user__routines,701,23,http://192.168.5.61:20000/report-a31a79.html#EndPath,f2py2e/cb_rules.py,,,n,1
./build/src.linux-x86_64-3.8/scipy/linalg/_interpolativemodule.c,cb_matvect2_in_idd__user__routines,859,16,http://192.168.5.61:20000/report-da65e7.html#EndPath,f2py2e/cb_rules.py,,,n,3
./build/src.linux-x86_64-3.8/scipy/linalg/_interpolativemodule.c,cb_matvect2_in_idd__user__routines,861,25,http://192.168.5.61:20000/report-f7667b.html#EndPath,f2py2e/cb_rules.py,,,n,4
./build/src.linux-x86_64-3.8/scipy/linalg/_interpolativemodule.c,cb_matvect2_in_idd__user__routines,868,23,http://192.168.5.61:20000/report-f0370a.html#EndPath,f2py2e/cb_rules.py,,,n,1
./build/src.linux-x86_64-3.8/scipy/linalg/_interpolativemodule.c,cb_matvec2_in_idd__user__routines,1026,16,http://192.168.5.61:20000/report-28c549.html#EndPath,f2py2e/cb_rules.py,,,n,3
./build/src.linux-x86_64-3.8/scipy/linalg/_interpolativemodule.c,cb_matvec2_in_idd__user__routines,1028,25,http://192.168.5.61:20000/report-5ec693.html#EndPath,f2py2e/cb_rules.py,,,n,4
./build/src.linux-x86_64-3.8/scipy/linalg/_interpolativemodule.c,cb_matvec2_in_idd__user__routines,1035,23,http://192.168.5.61:20000/report-f6e5bc.html#EndPath,f2py2e/cb_rules.py,,,n,1
./build/src.linux-x86_64-3.8/scipy/linalg/_interpolativemodule.c,cb_matveca_in_idz__user__routines,1193,16,http://192.168.5.61:20000/report-da331b.html#EndPath,f2py2e/cb_rules.py,,,n,3
./build/src.linux-x86_64-3.8/scipy/linalg/_interpolativemodule.c,cb_matveca_in_idz__user__routines,1195,25,http://192.168.5.61:20000/report-e0b18b.html#EndPath,f2py2e/cb_rules.py,,,n,4
./build/src.linux-x86_64-3.8/scipy/linalg/_interpolativemodule.c,cb_matveca_in_idz__user__routines,1202,23,http://192.168.5.61:20000/report-ba3707.html#EndPath,f2py2e/cb_rules.py,,,n,1
./build/src.linux-x86_64-3.8/scipy/linalg/_interpolativemodule.c,cb_matvec_in_idz__user__routines,1360,16,http://192.168.5.61:20000/report-156dbf.html#EndPath,f2py2e/cb_rules.py,,,n,3
./build/src.linux-x86_64-3.8/scipy/linalg/_interpolativemodule.c,cb_matvec_in_idz__user__routines,1362,25,http://192.168.5.61:20000/report-1a5ff0.html#EndPath,f2py2e/cb_rules.py,,,n,4
./build/src.linux-x86_64-3.8/scipy/linalg/_interpolativemodule.c,cb_matvec_in_idz__user__routines,1369,23,http://192.168.5.61:20000/report-bcbffc.html#EndPath,f2py2e/cb_rules.py,,,n,1
./build/src.linux-x86_64-3.8/scipy/linalg/_interpolativemodule.c,cb_matveca2_in_idz__user__routines,1527,16,http://192.168.5.61:20000/report-aec5f4.html#EndPath,f2py2e/cb_rules.py,,,n,3
./build/src.linux-x86_64-3.8/scipy/linalg/_interpolativemodule.c,cb_matveca2_in_idz__user__routines,1529,25,http://192.168.5.61:20000/report-0bf32f.html#EndPath,f2py2e/cb_rules.py,,,n,4
./build/src.linux-x86_64-3.8/scipy/linalg/_interpolativemodule.c,cb_matveca2_in_idz__user__routines,1536,23,http://192.168.5.61:20000/report-b3411f.html#EndPath,f2py2e/cb_rules.py,,,n,1
./build/src.linux-x86_64-3.8/scipy/linalg/_interpolativemodule.c,cb_matvec2_in_idz__user__routines,1694,16,http://192.168.5.61:20000/report-029518.html#EndPath,f2py2e/cb_rules.py,,,n,3
./build/src.linux-x86_64-3.8/scipy/linalg/_interpolativemodule.c,cb_matvec2_in_idz__user__routines,1696,25,http://192.168.5.61:20000/report-5c50b4.html#EndPath,f2py2e/cb_rules.py,,,n,4
./build/src.linux-x86_64-3.8/scipy/linalg/_interpolativemodule.c,cb_matvec2_in_idz__user__routines,1703,23,http://192.168.5.61:20000/report-c529a2.html#EndPath,f2py2e/cb_rules.py,,,n,1
./build/src.linux-x86_64-3.8/scipy/linalg/_interpolativemodule.c,PyInit__interpolative,11599,7,http://192.168.5.61:20000/report-dadcef.html#EndPath,f2py2e/rules.py,,,already fixed,
./build/src.linux-x86_64-3.8/scipy/optimize/__nnls/__nnlsmodule.c,PyInit___nnls,474,7,http://192.168.5.61:20000/report-c53a24.html#EndPath,f2py2e/rules.py,,,already fixed,
./build/src.linux-x86_64-3.8/scipy/optimize/cobyla/_cobylamodule.c,create_cb_arglist,202,19,http://192.168.5.61:20000/report-61cbd1.html#EndPath,f2py2e/cfuncs.py,,,already fixed,
./build/src.linux-x86_64-3.8/scipy/optimize/cobyla/_cobylamodule.c,create_cb_arglist,207,23,http://192.168.5.61:20000/report-19875f.html#EndPath,f2py2e/cfuncs.py,,,already fixed,
./build/src.linux-x86_64-3.8/scipy/optimize/cobyla/_cobylamodule.c,create_cb_arglist,244,17,http://192.168.5.61:20000/report-421e7f.html#EndPath,f2py2e/cfuncs.py,,,n,2
./build/src.linux-x86_64-3.8/scipy/optimize/cobyla/_cobylamodule.c,cb_calcfc_in__cobyla__user__routines,378,16,http://192.168.5.61:20000/report-6660da.html#EndPath,f2py2e/cb_rules.py,,,n,3
./build/src.linux-x86_64-3.8/scipy/optimize/cobyla/_cobylamodule.c,cb_calcfc_in__cobyla__user__routines,380,22,http://192.168.5.61:20000/report-9d23eb.html#EndPath,f2py2e/cb_rules.py,,,n,4
./build/src.linux-x86_64-3.8/scipy/optimize/cobyla/_cobylamodule.c,cb_calcfc_in__cobyla__user__routines,387,20,http://192.168.5.61:20000/report-24cef9.html#EndPath,f2py2e/cb_rules.py,,,n,1
./build/src.linux-x86_64-3.8/scipy/optimize/cobyla/_cobylamodule.c,PyInit__cobyla,768,7,http://192.168.5.61:20000/report-f13888.html#EndPath,f2py2e/rules.py,,,already fixed,
./build/src.linux-x86_64-3.8/scipy/optimize/lbfgsb_src/_lbfgsbmodule.c,PyInit__lbfgsb,808,7,http://192.168.5.61:20000/report-0e5984.html#EndPath,f2py2e/rules.py,,,already fixed,
./build/src.linux-x86_64-3.8/scipy/optimize/minpack2/minpack2module.c,PyInit_minpack2,690,7,http://192.168.5.61:20000/report-cd7348.html#EndPath,f2py2e/rules.py,,,already fixed,
./build/src.linux-x86_64-3.8/scipy/optimize/slsqp/_slsqpmodule.c,PyInit__slsqp,856,7,http://192.168.5.61:20000/report-d9aaee.html#EndPath,f2py2e/rules.py,,,already fixed,
./build/src.linux-x86_64-3.8/scipy/special/specfunmodule.c,PyInit_specfun,3389,7,http://192.168.5.61:20000/report-e8d9a4.html#EndPath,f2py2e/rules.py,,,already fixed,
./build/src.linux-x86_64-3.8/scipy/stats/mvnmodule.c,PyInit_mvn,877,7,http://192.168.5.61:20000/report-f9b045.html#EndPath,f2py2e/rules.py,,,already fixed,
./build/src.linux-x86_64-3.8/scipy/stats/statlibmodule.c,PyInit_statlib,614,7,http://192.168.5.61:20000/report-48d2dd.html#EndPath,f2py2e/rules.py,,,already fixed,
